{
    "name": "root",
    "gauges": {
        "Zombie.Policy.Entropy.mean": {
            "value": 0.9733358025550842,
            "min": 0.9733358025550842,
            "max": 1.393446922302246,
            "count": 38
        },
        "Zombie.Policy.Entropy.sum": {
            "value": 9732.384765625,
            "min": 9732.384765625,
            "max": 13934.46875,
            "count": 38
        },
        "Zombie.Environment.EpisodeLength.mean": {
            "value": 8.198712051517939,
            "min": 7.633851468048359,
            "max": 163.62456140350878,
            "count": 34
        },
        "Zombie.Environment.EpisodeLength.sum": {
            "value": 8912.0,
            "min": 599.0,
            "max": 46633.0,
            "count": 34
        },
        "Zombie.Step.mean": {
            "value": 379993.0,
            "min": 9991.0,
            "max": 379993.0,
            "count": 38
        },
        "Zombie.Step.sum": {
            "value": 379993.0,
            "min": 9991.0,
            "max": 379993.0,
            "count": 38
        },
        "Zombie.Policy.ExtrinsicValueEstimate.mean": {
            "value": 0.955349862575531,
            "min": -0.00026223191525787115,
            "max": 0.9628903865814209,
            "count": 38
        },
        "Zombie.Policy.ExtrinsicValueEstimate.sum": {
            "value": 1048.018798828125,
            "min": -0.04090818017721176,
            "max": 1115.00341796875,
            "count": 38
        },
        "Zombie.Environment.CumulativeReward.mean": {
            "value": 0.9981600735970562,
            "min": 0.951734539969834,
            "max": 1.0,
            "count": 34
        },
        "Zombie.Environment.CumulativeReward.sum": {
            "value": 1085.0,
            "min": 50.0,
            "max": 1158.0,
            "count": 34
        },
        "Zombie.Policy.ExtrinsicReward.mean": {
            "value": 0.9981600735970562,
            "min": 0.951734539969834,
            "max": 1.0,
            "count": 34
        },
        "Zombie.Policy.ExtrinsicReward.sum": {
            "value": 1085.0,
            "min": 50.0,
            "max": 1158.0,
            "count": 34
        },
        "Zombie.Losses.PolicyLoss.mean": {
            "value": 0.2426348497604185,
            "min": 0.23745064224220513,
            "max": 0.24944394871546785,
            "count": 38
        },
        "Zombie.Losses.PolicyLoss.sum": {
            "value": 22.56504102771892,
            "min": 18.912214568829462,
            "max": 23.469018227491897,
            "count": 38
        },
        "Zombie.Losses.ValueLoss.mean": {
            "value": 0.0006409467181632587,
            "min": 5.912206378002979e-07,
            "max": 0.04121522435301652,
            "count": 38
        },
        "Zombie.Losses.ValueLoss.sum": {
            "value": 0.05960804478918305,
            "min": 4.6115209748423235e-05,
            "max": 3.544509294359421,
            "count": 38
        },
        "Zombie.Policy.LearningRate.mean": {
            "value": 7.50273588618731e-05,
            "min": 7.50273588618731e-05,
            "max": 0.0002968978614991627,
            "count": 38
        },
        "Zombie.Policy.LearningRate.sum": {
            "value": 0.0069775443741541985,
            "min": 0.0069775443741541985,
            "max": 0.027061293279568997,
            "count": 38
        },
        "Zombie.Policy.Epsilon.mean": {
            "value": 0.12500909462365595,
            "min": 0.12500909462365595,
            "max": 0.19896595348837207,
            "count": 38
        },
        "Zombie.Policy.Epsilon.sum": {
            "value": 11.625845800000002,
            "min": 11.219310000000002,
            "max": 18.320431,
            "count": 38
        },
        "Zombie.Policy.Beta.mean": {
            "value": 0.0005000000000000001,
            "min": 0.0005000000000000001,
            "max": 0.0005000000000000001,
            "count": 38
        },
        "Zombie.Policy.Beta.sum": {
            "value": 0.046500000000000014,
            "min": 0.03900000000000001,
            "max": 0.048000000000000015,
            "count": 38
        },
        "Zombie.IsTraining.mean": {
            "value": 1.0,
            "min": 1.0,
            "max": 1.0,
            "count": 38
        },
        "Zombie.IsTraining.sum": {
            "value": 1.0,
            "min": 1.0,
            "max": 1.0,
            "count": 38
        }
    },
    "metadata": {
        "timer_format_version": "0.1.0",
        "start_time_seconds": "1736706830",
        "python_version": "3.10.12 | packaged by Anaconda, Inc. | (main, Jul  5 2023, 19:01:18) [MSC v.1916 64 bit (AMD64)]",
        "command_line_arguments": "C:\\Users\\abece\\miniconda3\\envs\\testmlAgent\\Scripts\\mlagents-learn config/roller_config.yaml --run-id=Zombie --force",
        "mlagents_version": "1.1.0",
        "mlagents_envs_version": "1.1.0",
        "communication_protocol_version": "1.5.0",
        "pytorch_version": "2.5.1+cpu",
        "numpy_version": "1.23.5",
        "end_time_seconds": "1736708726"
    },
    "total": 1895.3433287999978,
    "count": 1,
    "self": 0.004001299999799812,
    "children": {
        "run_training.setup": {
            "total": 0.06337839999832795,
            "count": 1,
            "self": 0.06337839999832795
        },
        "TrainerController.start_learning": {
            "total": 1895.2759490999997,
            "count": 1,
            "self": 4.577921400465129,
            "children": {
                "TrainerController._reset_env": {
                    "total": 7.964069399997243,
                    "count": 1,
                    "self": 7.964069399997243
                },
                "TrainerController.advance": {
                    "total": 1882.6835788995377,
                    "count": 405181,
                    "self": 4.056868999472499,
                    "children": {
                        "env_step": {
                            "total": 1598.6006704999672,
                            "count": 405181,
                            "self": 1427.7852262008091,
                            "children": {
                                "SubprocessEnvManager._take_step": {
                                    "total": 167.70320570025797,
                                    "count": 405181,
                                    "self": 12.893059800600895,
                                    "children": {
                                        "TorchPolicy.evaluate": {
                                            "total": 154.81014589965707,
                                            "count": 382927,
                                            "self": 154.81014589965707
                                        }
                                    }
                                },
                                "workers": {
                                    "total": 3.1122385989001486,
                                    "count": 405180,
                                    "self": 0.0,
                                    "children": {
                                        "worker_root": {
                                            "total": 1760.222056300874,
                                            "count": 405180,
                                            "is_parallel": true,
                                            "self": 660.4267845008253,
                                            "children": {
                                                "steps_from_proto": {
                                                    "total": 0.00016260000120382756,
                                                    "count": 1,
                                                    "is_parallel": true,
                                                    "self": 5.900000178371556e-05,